series_id,status,path,order,seasonal_order,aic,mape,n_obs
공주공장|된장가정용|포장불량,success,artifacts\models\base_monthly\공주공장_된장가정용_포장불량.pkl,"(0, 0, 2)","(1, 0, 1, 12)",5.660447216424967,100.0,36
공주공장|된장가정용|변화,success,artifacts\models\base_monthly\공주공장_된장가정용_변화.pkl,"(1, 0, 2)","(1, 1, 1, 12)",34.27223797484464,174.66916791538395,36
공주공장|된장가정용|기타이물류,success,artifacts\models\base_monthly\공주공장_된장가정용_기타이물류.pkl,"(2, 1, 2)","(0, 1, 1, 12)",19.325277231144312,0.009067162357917094,36
공주공장|된장업소용|변화,success,artifacts\models\base_monthly\공주공장_된장업소용_변화.pkl,"(1, 0, 2)","(0, 1, 1, 12)",18.95538395171274,211.70643488355662,36
공주공장|쌈장가정용|변화,success,artifacts\models\base_monthly\공주공장_쌈장가정용_변화.pkl,"(1, 0, 0)","(0, 1, 1, 12)",27.938605529437304,0.08520141189918634,36
공주공장|쌈장가정용|기타이물류,success,artifacts\models\base_monthly\공주공장_쌈장가정용_기타이물류.pkl,"(0, 0, 1)","(1, 1, 1, 12)",15.1483908224321,69.48055475766827,36
공주공장|쌈장가정용|식물성이물,success,artifacts\models\base_monthly\공주공장_쌈장가정용_식물성이물.pkl,"(1, 0, 0)","(0, 1, 1, 12)",21.883759113920508,0.18740469804994578,36
교동(HMR)_1공장|일반 국물|합성수지류,success,artifacts\models\base_monthly\교동(HMR)_1공장_일반 국물_합성수지류.pkl,"(0, 0, 1)","(0, 1, 1, 12)",23.548154164081392,47.16972490500569,36
남원공장|군만두|기타이물류,success,artifacts\models\base_monthly\남원공장_군만두_기타이물류.pkl,"(2, 0, 2)","(0, 1, 1, 12)",21.210508425546283,0.5079385200669443,36
교동|일반 국물|합성수지류,success,artifacts\models\base_monthly\교동_일반 국물_합성수지류.pkl,"(1, 1, 0)","(1, 0, 1, 12)",-490.7815294776419,2.8123912999585032e-11,36
공주공장|쌈장가정용|인체이물류,success,artifacts\models\base_monthly\공주공장_쌈장가정용_인체이물류.pkl,"(0, 0, 2)","(0, 1, 1, 12)",-67.7384322922819,21.54457779351182,36
남원공장|군만두|인체이물류,success,artifacts\models\base_monthly\남원공장_군만두_인체이물류.pkl,"(0, 0, 2)","(1, 1, 1, 12)",28.461291891222185,82.28820974137423,36
남원공장|군만두|합성수지류,success,artifacts\models\base_monthly\남원공장_군만두_합성수지류.pkl,"(0, 0, 1)","(0, 1, 1, 12)",22.342320006652773,0.6666666324981455,36
남원공장|군만두|동물성이물,success,artifacts\models\base_monthly\남원공장_군만두_동물성이물.pkl,"(1, 0, 2)","(1, 1, 1, 12)",18.091784566761614,0.6715274208740656,36
남원공장|남원B2C냉동면|벌레류,success,artifacts\models\base_monthly\남원공장_남원B2C냉동면_벌레류.pkl,"(0, 0, 1)","(1, 0, 0, 12)",-0.2264838085312899,0.031071135512477217,36
남원공장|남원B2C냉동면|기타이물류,success,artifacts\models\base_monthly\남원공장_남원B2C냉동면_기타이물류.pkl,"(2, 1, 2)","(1, 1, 0, 12)",31.256176077963318,74.09673857835331,36
남원공장|남원B2C냉동면|인체이물류,success,artifacts\models\base_monthly\남원공장_남원B2C냉동면_인체이물류.pkl,"(0, 0, 2)","(1, 1, 1, 12)",29.890492812082705,100.3505359345703,36
남원공장|남원B2C냉동면|중량수량미달,success,artifacts\models\base_monthly\남원공장_남원B2C냉동면_중량수량미달.pkl,"(1, 1, 1)","(0, 0, 1, 12)",-416.0948418985504,0.0,36
남원공장|남원B2C냉동면|합성수지류,success,artifacts\models\base_monthly\남원공장_남원B2C냉동면_합성수지류.pkl,"(0, 0, 2)","(0, 1, 1, 12)",23.84650563421012,50.00000001526447,36
남원공장|냉면|공정이물류,success,artifacts\models\base_monthly\남원공장_냉면_공정이물류.pkl,"(0, 0, 2)","(0, 1, 1, 12)",17.007791948805114,36.81228087569413,36
남원공장|냉면|기타이물류,success,artifacts\models\base_monthly\남원공장_냉면_기타이물류.pkl,"(2, 1, 2)","(0, 1, 1, 12)",28.084322606639567,100.0,36
남원공장|남원B2C냉동면|포장불량,success,artifacts\models\base_monthly\남원공장_남원B2C냉동면_포장불량.pkl,"(1, 1, 2)","(1, 1, 1, 12)",29.840100582087864,0.0,36
남원공장|냉면|합성수지류,success,artifacts\models\base_monthly\남원공장_냉면_합성수지류.pkl,"(2, 0, 0)","(1, 1, 0, 12)",33.367408985165156,100.0,36
남원공장|냉면|포장불량,success,artifacts\models\base_monthly\남원공장_냉면_포장불량.pkl,"(0, 1, 2)","(0, 1, 1, 12)",25.532916301211742,0.10989320697657294,36
남원공장|손만두|인체이물류,success,artifacts\models\base_monthly\남원공장_손만두_인체이물류.pkl,"(1, 0, 2)","(0, 1, 1, 12)",10.800018462704676,0.13982577735440074,36
남원공장|손만두|동물성이물,success,artifacts\models\base_monthly\남원공장_손만두_동물성이물.pkl,"(0, 0, 2)","(1, 1, 1, 12)",20.21618574085337,100.0,36
남원공장|용기면|포장불량,success,artifacts\models\base_monthly\남원공장_용기면_포장불량.pkl,"(0, 0, 2)","(0, 1, 1, 12)",89.29168197009788,83.29006553113778,36
남원공장|용기면|인체이물류,success,artifacts\models\base_monthly\남원공장_용기면_인체이물류.pkl,"(2, 1, 2)","(0, 1, 1, 12)",14.450829769515735,100.0,36
남원공장|손만두|합성수지류,success,artifacts\models\base_monthly\남원공장_손만두_합성수지류.pkl,"(1, 0, 2)","(1, 1, 1, 12)",26.03157389765559,100.38202695422083,36
남원공장|우동|곰팡이,success,artifacts\models\base_monthly\남원공장_우동_곰팡이.pkl,"(0, 0, 2)","(0, 1, 1, 12)",21.952434015731097,100.0,36
남원공장|우동|인체이물류,success,artifacts\models\base_monthly\남원공장_우동_인체이물류.pkl,"(0, 0, 1)","(0, 1, 1, 12)",22.573060842896112,99.84866106010709,36
남원공장|우동|기타이물류,success,artifacts\models\base_monthly\남원공장_우동_기타이물류.pkl,"(0, 0, 2)","(0, 1, 1, 12)",4.226799731904464,1.765723429237398,36
남원공장|우동|포장불량,success,artifacts\models\base_monthly\남원공장_우동_포장불량.pkl,"(0, 0, 2)","(1, 1, 1, 12)",26.023429464580843,100.0,36
남원공장|우동|합성수지류,success,artifacts\models\base_monthly\남원공장_우동_합성수지류.pkl,"(0, 0, 2)","(1, 1, 1, 12)",17.39233718952699,96.08609933256601,36
논산1공장|가정용다담|기타이물류,success,artifacts\models\base_monthly\논산1공장_가정용다담_기타이물류.pkl,"(1, 0, 1)","(0, 1, 1, 12)",25.151706840288405,100.0,36
논산1공장|고추장가정용|변화,success,artifacts\models\base_monthly\논산1공장_고추장가정용_변화.pkl,"(0, 0, 2)","(1, 1, 1, 12)",45.68611591337931,100.0,36
논산1공장|일반 국물|인체이물류,success,artifacts\models\base_monthly\논산1공장_일반 국물_인체이물류.pkl,"(0, 0, 2)","(0, 1, 1, 12)",26.177734336144386,0.49999993924417985,36
논산1공장|일반 국물|기타이물류,success,artifacts\models\base_monthly\논산1공장_일반 국물_기타이물류.pkl,"(2, 0, 2)","(0, 1, 1, 12)",5.85799604223071,100.0,36
논산1공장|일반 국물|합성수지류,success,artifacts\models\base_monthly\논산1공장_일반 국물_합성수지류.pkl,"(0, 1, 2)","(0, 1, 1, 12)",23.369908005587828,100.0,36
논산1공장|프리미엄 국물|동물성이물,success,artifacts\models\base_monthly\논산1공장_프리미엄 국물_동물성이물.pkl,"(1, 1, 1)","(1, 1, 1, 12)",24.2427589277965,0.7977212103418032,36
논산1공장|프리미엄 국물|인체이물류,success,artifacts\models\base_monthly\논산1공장_프리미엄 국물_인체이물류.pkl,"(0, 0, 2)","(1, 1, 1, 12)",20.89320821426478,7.66223938056545,36
논산1공장|프리미엄 국물|합성수지류,success,artifacts\models\base_monthly\논산1공장_프리미엄 국물_합성수지류.pkl,"(2, 0, 0)","(1, 1, 0, 12)",28.72556548054908,100.0,36
논산1공장|하선정액젓업소용|관능,success,artifacts\models\base_monthly\논산1공장_하선정액젓업소용_관능.pkl,"(1, 0, 2)","(1, 0, 0, 12)",-560.9004727418948,1.1064678481576724e-10,36
논산1공장|고추장가정용|관능,success,artifacts\models\base_monthly\논산1공장_고추장가정용_관능.pkl,"(2, 0, 1)","(1, 1, 0, 12)",-160.77220897457926,2.147363045291649e-05,36
동방푸드마스타(김치)|비비고별미김치|인체이물류,success,artifacts\models\base_monthly\동방푸드마스타(김치)_비비고별미김치_인체이물류.pkl,"(2, 0, 1)","(1, 1, 0, 12)",-0.45995457287433617,20.14059549633337,36
뚜또|과일젤리|기타이물류,success,artifacts\models\base_monthly\뚜또_과일젤리_기타이물류.pkl,"(0, 0, 2)","(1, 1, 0, 12)",14.015636971027664,39.999367290178775,36
뚜또|과일젤리|인체이물류,success,artifacts\models\base_monthly\뚜또_과일젤리_인체이물류.pkl,"(2, 0, 0)","(1, 1, 0, 12)",38.0231031610487,32.80978723955217,36
뚜또|과일젤리|식물성이물,success,artifacts\models\base_monthly\뚜또_과일젤리_식물성이물.pkl,"(0, 0, 2)","(0, 1, 1, 12)",26.332296971718602,50.017243611923014,36
동방푸드마스타(김치)|비비고별미김치|합성수지류,success,artifacts\models\base_monthly\동방푸드마스타(김치)_비비고별미김치_합성수지류.pkl,"(2, 1, 1)","(1, 1, 0, 12)",17.06106087639447,100.0,36
부산공장|다시다 대물|기타이물류,success,artifacts\models\base_monthly\부산공장_다시다 대물_기타이물류.pkl,"(1, 0, 0)","(0, 1, 1, 12)",17.898963174733247,0.0005235577305584549,36
부산공장|백미|곰팡이,success,artifacts\models\base_monthly\부산공장_백미_곰팡이.pkl,"(1, 0, 1)","(0, 0, 1, 12)",16.997557094594825,0.05329723415565834,36
부산공장|BIG컵반(컵)|기타이물류,success,artifacts\models\base_monthly\부산공장_BIG컵반(컵)_기타이물류.pkl,"(2, 0, 2)","(0, 1, 1, 12)",17.87928922922347,89.30103086858374,36
부산공장|BIG컵반(컵)|합성수지류,success,artifacts\models\base_monthly\부산공장_BIG컵반(컵)_합성수지류.pkl,"(1, 0, 1)","(1, 1, 1, 12)",18.400796378332004,0.7263122571436181,36
뚜또|요거젤리|식물성이물,success,artifacts\models\base_monthly\뚜또_요거젤리_식물성이물.pkl,"(1, 0, 2)","(1, 1, 1, 12)",18.74716804288451,80.23195737851991,36
부산공장|백미|공정이물류,success,artifacts\models\base_monthly\부산공장_백미_공정이물류.pkl,"(0, 0, 1)","(1, 1, 1, 12)",23.11075033913823,37.07986701820219,36
부산공장|백미|기타이물류,success,artifacts\models\base_monthly\부산공장_백미_기타이물류.pkl,"(0, 1, 2)","(0, 1, 1, 12)",38.47985932980944,150.03657297636013,36
부산공장|백미|관능,success,artifacts\models\base_monthly\부산공장_백미_관능.pkl,"(2, 1, 0)","(1, 1, 0, 12)",18.475164691270983,0.2160578746419901,36
부산공장|백미|기타,success,artifacts\models\base_monthly\부산공장_백미_기타.pkl,"(2, 0, 2)","(0, 1, 1, 12)",22.429053311709456,100.0,36
부산공장|백미|성분,success,artifacts\models\base_monthly\부산공장_백미_성분.pkl,"(0, 0, 2)","(1, 0, 1, 12)",9.329213206481853,99.99999932688111,36
부산공장|백미|미생물,success,artifacts\models\base_monthly\부산공장_백미_미생물.pkl,"(0, 0, 2)","(1, 1, 1, 12)",52.79159087937102,92.2509205254346,36
부산공장|백미|식물성이물,success,artifacts\models\base_monthly\부산공장_백미_식물성이물.pkl,"(2, 0, 1)","(0, 1, 1, 12)",24.633556921589978,93.06966840689333,36
부산공장|백미|인체이물류,success,artifacts\models\base_monthly\부산공장_백미_인체이물류.pkl,"(0, 1, 2)","(0, 1, 1, 12)",37.63877519575531,191.34226908419436,36
부산공장|비비고 죽(파우치)|식물성이물,success,artifacts\models\base_monthly\부산공장_비비고 죽(파우치)_식물성이물.pkl,"(0, 0, 1)","(0, 0, 1, 12)",-559.6994994268061,2.510633329081482e-25,36
부산공장|백미|합성수지류,success,artifacts\models\base_monthly\부산공장_백미_합성수지류.pkl,"(1, 1, 2)","(1, 1, 1, 12)",16.514733008025164,81.49049867818725,36
부산공장|비비고 죽(파우치)|인체이물류,success,artifacts\models\base_monthly\부산공장_비비고 죽(파우치)_인체이물류.pkl,"(0, 0, 2)","(1, 0, 1, 12)",-470.3770029790372,3.214670568269583e-09,36
부산공장|일반국밥|기타,success,artifacts\models\base_monthly\부산공장_일반국밥_기타.pkl,"(0, 1, 2)","(0, 1, 1, 12)",13.133616393041933,0.27477115229062826,36
부산공장|비비고 죽(파우치)|합성수지류,success,artifacts\models\base_monthly\부산공장_비비고 죽(파우치)_합성수지류.pkl,"(1, 0, 1)","(0, 0, 1, 12)",-547.6734253720988,4.934239995870091e-21,36
부산공장|일반국밥|기타이물류,success,artifacts\models\base_monthly\부산공장_일반국밥_기타이물류.pkl,"(0, 1, 2)","(1, 1, 1, 12)",16.539223653648772,100.0,36
부산공장|일반국밥|인체이물류,success,artifacts\models\base_monthly\부산공장_일반국밥_인체이물류.pkl,"(1, 0, 0)","(1, 1, 0, 12)",20.46804148587742,75.11179324430515,36
부산공장|일반국밥|합성수지류,success,artifacts\models\base_monthly\부산공장_일반국밥_합성수지류.pkl,"(0, 1, 1)","(0, 1, 1, 12)",11.086087863251853,0.09375143386277586,36
부산공장|일반덮밥|인체이물류,success,artifacts\models\base_monthly\부산공장_일반덮밥_인체이물류.pkl,"(1, 1, 2)","(0, 0, 1, 12)",12.414721081948539,100.0,36
부산공장|일반국밥|포장불량,success,artifacts\models\base_monthly\부산공장_일반국밥_포장불량.pkl,"(2, 0, 2)","(0, 1, 1, 12)",8.193864254629595,99.88753892678784,36
부산공장|잡곡|공정이물류,success,artifacts\models\base_monthly\부산공장_잡곡_공정이물류.pkl,"(1, 0, 2)","(1, 1, 1, 12)",26.22209449353349,119.749914017046,36
부산공장|잡곡|기타이물류,success,artifacts\models\base_monthly\부산공장_잡곡_기타이물류.pkl,"(1, 1, 1)","(0, 1, 1, 12)",29.22990731473432,99.96431763668579,36
부산공장|잡곡|식물성이물,success,artifacts\models\base_monthly\부산공장_잡곡_식물성이물.pkl,"(0, 0, 2)","(1, 1, 1, 12)",22.198608771090058,50.57341460326492,36
부산공장|잡곡|합성수지류,success,artifacts\models\base_monthly\부산공장_잡곡_합성수지류.pkl,"(0, 1, 2)","(0, 1, 1, 12)",18.070004200367812,100.0,36
부산공장|잡곡|미생물,success,artifacts\models\base_monthly\부산공장_잡곡_미생물.pkl,"(0, 0, 1)","(0, 0, 1, 12)",-485.46249576393353,7.599406263938921e-24,36
부산공장|파우치 죽(프리미엄)|합성수지류,success,artifacts\models\base_monthly\부산공장_파우치 죽(프리미엄)_합성수지류.pkl,"(0, 0, 1)","(1, 1, 1, 12)",30.632914454590313,99.99999994378457,36
부산공장|잡곡|인체이물류,success,artifacts\models\base_monthly\부산공장_잡곡_인체이물류.pkl,"(2, 1, 2)","(0, 1, 1, 12)",22.771490486579445,67.83704421055148,36
부산공장|프리미엄덮밥|기타이물류,success,artifacts\models\base_monthly\부산공장_프리미엄덮밥_기타이물류.pkl,"(2, 1, 2)","(1, 1, 1, 12)",32.77894976037198,56.840357249705555,36
부산공장|프리미엄덮밥|기타,success,artifacts\models\base_monthly\부산공장_프리미엄덮밥_기타.pkl,"(1, 1, 2)","(1, 1, 1, 12)",13.115598026604022,0.6194949802754453,36
부산공장|프리미엄덮밥|포장불량,success,artifacts\models\base_monthly\부산공장_프리미엄덮밥_포장불량.pkl,"(2, 0, 0)","(1, 1, 0, 12)",24.937959174723865,49.73250431486353,36
부산공장|프리미엄덮밥|동물성이물,success,artifacts\models\base_monthly\부산공장_프리미엄덮밥_동물성이물.pkl,"(2, 1, 2)","(1, 1, 1, 12)",32.49007266295921,365.7942440560048,36
부산공장|프리미엄덮밥|인체이물류,success,artifacts\models\base_monthly\부산공장_프리미엄덮밥_인체이물류.pkl,"(0, 0, 2)","(1, 1, 1, 12)",29.33205015344489,12.450021239042176,36
부산공장|프리미엄덮밥|식물성이물,success,artifacts\models\base_monthly\부산공장_프리미엄덮밥_식물성이물.pkl,"(2, 0, 2)","(1, 1, 1, 12)",3.1836430366588715,194.72077185139995,36
사수리풍|당면|공정이물류,success,artifacts\models\base_monthly\사수리풍_당면_공정이물류.pkl,"(0, 0, 2)","(0, 1, 1, 12)",34.31881615021042,99.99999989450646,36
부산공장|프리미엄덮밥|합성수지류,success,artifacts\models\base_monthly\부산공장_프리미엄덮밥_합성수지류.pkl,"(2, 1, 1)","(1, 1, 0, 12)",35.40572741879451,231.88197709002662,36
사수리풍|당면|인체이물류,success,artifacts\models\base_monthly\사수리풍_당면_인체이물류.pkl,"(0, 0, 2)","(1, 1, 1, 12)",16.162601290207274,100.0,36
사수리풍|당면|기타이물류,success,artifacts\models\base_monthly\사수리풍_당면_기타이물류.pkl,"(0, 0, 2)","(0, 1, 1, 12)",23.556094940706267,100.0,36
삼해상사(김포)|국판삼해김|기타이물류,success,artifacts\models\base_monthly\삼해상사(김포)_국판삼해김_기타이물류.pkl,"(0, 1, 1)","(0, 1, 1, 12)",39.21253395301112,16.74680007606093,36
삼해상사(김포)|국판삼해김|기타,success,artifacts\models\base_monthly\삼해상사(김포)_국판삼해김_기타.pkl,"(2, 0, 1)","(1, 1, 0, 12)",25.92760610070427,100.0,36
삼해상사(김포)|국판삼해김|식물성이물,success,artifacts\models\base_monthly\삼해상사(김포)_국판삼해김_식물성이물.pkl,"(0, 0, 2)","(0, 1, 1, 12)",15.776878714304406,0.488852046936501,36
사수리풍|당면|포장불량,success,artifacts\models\base_monthly\사수리풍_당면_포장불량.pkl,"(1, 0, 1)","(1, 1, 1, 12)",1.9687782103371774,0.006945103964186632,36
삼해상사(김포)|국판삼해김|중량수량미달,success,artifacts\models\base_monthly\삼해상사(김포)_국판삼해김_중량수량미달.pkl,"(2, 0, 0)","(1, 1, 0, 12)",32.800091386513074,100.0,36
삼해상사(김포)|국판삼해김|포장불량,success,artifacts\models\base_monthly\삼해상사(김포)_국판삼해김_포장불량.pkl,"(1, 0, 2)","(0, 1, 1, 12)",49.07849278600586,61.095280518491926,36
삼해상사(김포)|국판삼해김|합성수지류,success,artifacts\models\base_monthly\삼해상사(김포)_국판삼해김_합성수지류.pkl,"(0, 0, 2)","(1, 1, 1, 12)",43.24224403955689,82.5783846053595,36
삼해상사(김포)|국판삼해김|향(냄새),success,artifacts\models\base_monthly\삼해상사(김포)_국판삼해김_향(냄새).pkl,"(0, 1, 2)","(0, 1, 1, 12)",58.441322489279656,100.0,36
삼해상사(김포)|국판삼해김|형태,success,artifacts\models\base_monthly\삼해상사(김포)_국판삼해김_형태.pkl,"(0, 0, 2)","(0, 1, 1, 12)",21.962121641456086,49.86224306401225,36
삼해상사(부안1)|국판삼해김|포장불량,success,artifacts\models\base_monthly\삼해상사(부안1)_국판삼해김_포장불량.pkl,"(0, 0, 1)","(1, 1, 1, 12)",39.66802260486693,99.99987937201654,36
삼해상사(부안1)|국판조미김|합성수지류,success,artifacts\models\base_monthly\삼해상사(부안1)_국판조미김_합성수지류.pkl,"(0, 0, 1)","(1, 1, 1, 12)",25.369510270071547,34.61487110089217,36
삼해상사(부안1)|국판삼해김|중량수량미달,success,artifacts\models\base_monthly\삼해상사(부안1)_국판삼해김_중량수량미달.pkl,"(0, 0, 2)","(1, 1, 1, 12)",15.69065699920823,0.38964109947328,36
삼해상사(부안1)|국판조미김|기타이물류,success,artifacts\models\base_monthly\삼해상사(부안1)_국판조미김_기타이물류.pkl,"(2, 1, 2)","(0, 1, 1, 12)",18.197086531001954,100.0,36
상신(2공장_치킨)|치킨|동물성이물,success,artifacts\models\base_monthly\상신(2공장_치킨)_치킨_동물성이물.pkl,"(2, 0, 2)","(0, 1, 1, 12)",27.47755386366775,85.05208292824096,36
상신(2공장_튀김)|까스류|공정이물류,success,artifacts\models\base_monthly\상신(2공장_튀김)_까스류_공정이물류.pkl,"(0, 0, 2)","(0, 1, 1, 12)",19.067425836157,99.88716850693703,36
성보(HMR)|프리미엄 국물|합성수지류,success,artifacts\models\base_monthly\성보(HMR)_프리미엄 국물_합성수지류.pkl,"(0, 0, 1)","(1, 1, 0, 12)",20.913393140818723,100.00040381608821,36
상신(2공장_튀김)|까스류|동물성이물,success,artifacts\models\base_monthly\상신(2공장_튀김)_까스류_동물성이물.pkl,"(1, 1, 2)","(0, 1, 1, 12)",20.043611316779852,62.037933843589734,36
소디프|꼬지형|동물성이물,success,artifacts\models\base_monthly\소디프_꼬지형_동물성이물.pkl,"(0, 0, 2)","(0, 1, 1, 12)",37.84914291372555,0.40064034323203934,36
상신(2공장_튀김)|까스류|합성수지류,success,artifacts\models\base_monthly\상신(2공장_튀김)_까스류_합성수지류.pkl,"(2, 1, 2)","(0, 1, 1, 12)",6.130648115238562,0.09385330058669149,36
소디프|B2B 조리육(OEM)|합성수지류,success,artifacts\models\base_monthly\소디프_B2B 조리육(OEM)_합성수지류.pkl,"(2, 1, 2)","(0, 1, 1, 12)",27.517196720915397,48.23396568737077,36
소디프|꼬지형|합성수지류,success,artifacts\models\base_monthly\소디프_꼬지형_합성수지류.pkl,"(0, 0, 2)","(0, 1, 1, 12)",28.93978295798504,66.66666722380135,36
소디프|꼬지형|인체이물류,success,artifacts\models\base_monthly\소디프_꼬지형_인체이물류.pkl,"(2, 1, 0)","(1, 1, 0, 12)",18.485984371081603,100.0,36
신라에스지|미니소시지|인체이물류,success,artifacts\models\base_monthly\신라에스지_미니소시지_인체이물류.pkl,"(0, 0, 2)","(0, 1, 1, 12)",15.975656559116302,0.0015566206938766314,36
신라에스지|미니소시지|동물성이물,success,artifacts\models\base_monthly\신라에스지_미니소시지_동물성이물.pkl,"(0, 0, 2)","(1, 1, 1, 12)",19.153831742252333,64.09528409601928,36
소디프|꼬지형|성분,success,artifacts\models\base_monthly\소디프_꼬지형_성분.pkl,"(0, 0, 1)","(1, 0, 0, 12)",-502.5323264496408,3.368737594932998e-90,36
신라에스지|미니소시지|기타이물류,success,artifacts\models\base_monthly\신라에스지_미니소시지_기타이물류.pkl,"(0, 1, 1)","(1, 1, 1, 12)",-145.12252849762467,4.855147198045012,36
신라에스지|미니소시지|합성수지류,success,artifacts\models\base_monthly\신라에스지_미니소시지_합성수지류.pkl,"(0, 0, 2)","(1, 1, 1, 12)",31.891461970981737,53.828933520171816,36
쌍인|과일젤리|인체이물류,success,artifacts\models\base_monthly\쌍인_과일젤리_인체이물류.pkl,"(0, 0, 2)","(0, 0, 1, 12)",-486.5142909233754,1.9106531632005922e-25,36
쌍인|과일젤리|식물성이물,success,artifacts\models\base_monthly\쌍인_과일젤리_식물성이물.pkl,"(0, 1, 2)","(1, 0, 0, 12)",-539.4245947447017,2.3782609787989005e-09,36
쌍인|과일젤리|기타이물류,success,artifacts\models\base_monthly\쌍인_과일젤리_기타이물류.pkl,"(0, 1, 2)","(0, 0, 1, 12)",-507.22517686000845,4.958702288049441e-21,36
씨푸드_성남|냉장 생선구이|인체이물류,success,artifacts\models\base_monthly\씨푸드_성남_냉장 생선구이_인체이물류.pkl,"(2, 0, 2)","(0, 1, 1, 12)",23.39672845818675,107.25025368790746,36
씨푸드_성남|삼호부산|인체이물류,success,artifacts\models\base_monthly\씨푸드_성남_삼호부산_인체이물류.pkl,"(1, 0, 0)","(1, 1, 0, 12)",21.931384945975438,100.0,36
씨푸드_성남|삼호부산|기타이물류,success,artifacts\models\base_monthly\씨푸드_성남_삼호부산_기타이물류.pkl,"(0, 0, 2)","(1, 1, 1, 12)",28.64324795258901,75.85712402044476,36
씨푸드_성남|삼호부산|공정이물류,success,artifacts\models\base_monthly\씨푸드_성남_삼호부산_공정이물류.pkl,"(0, 0, 2)","(1, 1, 1, 12)",25.41874856143472,58.146335421714625,36
씨푸드_성남|삼호안심부산|인체이물류,success,artifacts\models\base_monthly\씨푸드_성남_삼호안심부산_인체이물류.pkl,"(2, 0, 0)","(1, 1, 1, 12)",19.893576204419126,69.09603373974511,36
씨푸드_성남|삼호어묵|공정이물류,success,artifacts\models\base_monthly\씨푸드_성남_삼호어묵_공정이물류.pkl,"(0, 0, 2)","(0, 1, 1, 12)",28.53201713265857,99.99369763438241,36
씨푸드_성남|삼호안심부산|합성수지류,success,artifacts\models\base_monthly\씨푸드_성남_삼호안심부산_합성수지류.pkl,"(1, 0, 2)","(1, 0, 1, 12)",4.963774341911829,0.1578871189817649,36
씨푸드_성남|삼호어묵|동물성이물,success,artifacts\models\base_monthly\씨푸드_성남_삼호어묵_동물성이물.pkl,"(0, 1, 2)","(0, 0, 1, 12)",18.970186558240616,96.23921601516727,36
씨푸드_성남|삼호어묵|기타이물류,success,artifacts\models\base_monthly\씨푸드_성남_삼호어묵_기타이물류.pkl,"(2, 0, 2)","(0, 1, 1, 12)",15.274927224324243,79.72116775924356,36
씨푸드_성남|삼호부산|포장불량,success,artifacts\models\base_monthly\씨푸드_성남_삼호부산_포장불량.pkl,"(2, 0, 2)","(1, 1, 0, 12)",-77.50103150492917,0.06101543521826939,36
씨푸드_성남|삼호어묵|인체이물류,success,artifacts\models\base_monthly\씨푸드_성남_삼호어묵_인체이물류.pkl,"(1, 0, 2)","(1, 1, 1, 12)",17.94161703249641,100.0,36
씨푸드_이천|국판 씨푸드김|포장불량,success,artifacts\models\base_monthly\씨푸드_이천_국판 씨푸드김_포장불량.pkl,"(0, 0, 2)","(0, 1, 1, 12)",51.33535276474742,100.0,36
씨푸드_성남|삼호어묵|일부인오류,success,artifacts\models\base_monthly\씨푸드_성남_삼호어묵_일부인오류.pkl,"(1, 0, 2)","(1, 1, 1, 12)",-172.90668764510608,0.6666862533717565,36
씨푸드_이천|국판조미김|기타,success,artifacts\models\base_monthly\씨푸드_이천_국판조미김_기타.pkl,"(2, 1, 0)","(1, 1, 0, 12)",26.363289681732166,0.15489295463635774,36
씨푸드_이천|국판조미김|기타이물류,success,artifacts\models\base_monthly\씨푸드_이천_국판조미김_기타이물류.pkl,"(0, 0, 1)","(0, 1, 1, 12)",41.2866568473205,0.21195130987594624,36
씨푸드_이천|국판조미김|동물성이물,success,artifacts\models\base_monthly\씨푸드_이천_국판조미김_동물성이물.pkl,"(0, 0, 2)","(0, 1, 1, 12)",13.336158043528133,99.99998158213026,36
씨푸드_성남|삼호어묵|합성수지류,success,artifacts\models\base_monthly\씨푸드_성남_삼호어묵_합성수지류.pkl,"(2, 0, 2)","(0, 1, 1, 12)",17.29388263557945,114.46347756437379,36
씨푸드_이천|국판조미김|식물성이물,success,artifacts\models\base_monthly\씨푸드_이천_국판조미김_식물성이물.pkl,"(2, 1, 2)","(0, 1, 1, 12)",10.971174858673658,73.74340858842318,36
씨푸드_이천|국판조미김|합성수지류,success,artifacts\models\base_monthly\씨푸드_이천_국판조미김_합성수지류.pkl,"(1, 1, 2)","(0, 1, 1, 12)",23.61056428611478,100.0,36
씨푸드_이천|국판조미김|포장불량,success,artifacts\models\base_monthly\씨푸드_이천_국판조미김_포장불량.pkl,"(0, 0, 2)","(1, 1, 1, 12)",11.43408436412286,16.66713387834756,36
씨푸드_이천|국판조미김|관능,success,artifacts\models\base_monthly\씨푸드_이천_국판조미김_관능.pkl,"(0, 0, 2)","(0, 0, 1, 12)",-472.291174600341,2.236001310541411e-28,36
양산공장|고급밀가루|기타이물류,success,artifacts\models\base_monthly\양산공장_고급밀가루_기타이물류.pkl,"(0, 0, 2)","(1, 1, 1, 12)",-7.057273074046474,0.010961854762947207,36
양산공장|튀김부침용|기타이물류,success,artifacts\models\base_monthly\양산공장_튀김부침용_기타이물류.pkl,"(0, 0, 2)","(1, 1, 0, 12)",14.522666534465344,0.37879048133837895,36
에스앤푸드|수입콩두부|기타이물류,success,artifacts\models\base_monthly\에스앤푸드_수입콩두부_기타이물류.pkl,"(0, 0, 1)","(1, 1, 0, 12)",22.79707177017783,50.00081390285147,36
씨푸드_이천|국판조미김|형태,success,artifacts\models\base_monthly\씨푸드_이천_국판조미김_형태.pkl,"(0, 1, 1)","(0, 1, 1, 12)",-112.42973174450553,2.271188643135102e-05,36
우양냉동(장항)|핫도그|기타,success,artifacts\models\base_monthly\우양냉동(장항)_핫도그_기타.pkl,"(0, 0, 2)","(0, 1, 1, 12)",35.54617524049881,151.48730428379304,36
우양냉동(장항)|핫도그|공정이물류,success,artifacts\models\base_monthly\우양냉동(장항)_핫도그_공정이물류.pkl,"(2, 0, 0)","(1, 1, 0, 12)",33.75476585601152,656.3859234932419,36
영등포공장|튀김부침용|기타이물류,success,artifacts\models\base_monthly\영등포공장_튀김부침용_기타이물류.pkl,"(1, 0, 0)","(1, 1, 0, 12)",9.873040841409578,0.5000042653122744,36
우양냉동(장항)|핫도그|기타이물류,success,artifacts\models\base_monthly\우양냉동(장항)_핫도그_기타이물류.pkl,"(0, 0, 2)","(0, 1, 1, 12)",34.64828787814026,494.76474081170096,36
우양냉동(장항)|핫도그|포장불량,success,artifacts\models\base_monthly\우양냉동(장항)_핫도그_포장불량.pkl,"(0, 0, 2)","(0, 1, 1, 12)",39.50062010748022,94.2439151679438,36
우양냉동(장항)|핫도그|인체이물류,success,artifacts\models\base_monthly\우양냉동(장항)_핫도그_인체이물류.pkl,"(0, 0, 1)","(1, 1, 1, 12)",22.587605678077438,42.2539909330931,36
우양냉동(장항)|핫도그|형태,success,artifacts\models\base_monthly\우양냉동(장항)_핫도그_형태.pkl,"(0, 0, 2)","(0, 1, 1, 12)",26.911732902286573,0.44007106999151907,36
인천1)당|카페 시럽|관능,success,artifacts\models\base_monthly\인천1)당_카페 시럽_관능.pkl,"(0, 0, 1)","(0, 0, 0, 12)",-19.408437544079824,100.0,36
우양냉동(장항)|핫도그|합성수지류,success,artifacts\models\base_monthly\우양냉동(장항)_핫도그_합성수지류.pkl,"(1, 0, 2)","(0, 1, 1, 12)",16.21305402037148,29.051261736391236,36
인천1)당|국판당 소물|기타이물류,success,artifacts\models\base_monthly\인천1)당_국판당 소물_기타이물류.pkl,"(0, 0, 2)","(0, 1, 1, 12)",8.683969458913694,0.29640212253094417,36
인천2)유|고소함가득참기름|관능,success,artifacts\models\base_monthly\인천2)유_고소함가득참기름_관능.pkl,"(0, 1, 1)","(0, 0, 1, 12)",-487.3763952865176,7.090660614769063e-22,36
인천2)유|요리유|포장불량,success,artifacts\models\base_monthly\인천2)유_요리유_포장불량.pkl,"(0, 0, 2)","(1, 1, 0, 12)",14.999268540354432,0.07273651937117612,36
인천2)유|고소함가득참기름|포장불량,success,artifacts\models\base_monthly\인천2)유_고소함가득참기름_포장불량.pkl,"(0, 1, 2)","(1, 1, 1, 12)",25.14670476247877,12.357534532182402,36
인천2)유|대두유가정용|포장불량,success,artifacts\models\base_monthly\인천2)유_대두유가정용_포장불량.pkl,"(1, 1, 2)","(1, 0, 1, 12)",-28.03895505912483,0.013972242057519587,36
인천2)유|진한참기름|포장불량,success,artifacts\models\base_monthly\인천2)유_진한참기름_포장불량.pkl,"(1, 0, 0)","(1, 1, 0, 12)",32.15416340158127,59.8386271432847,36
인천냉동식품|군만두|인체이물류,success,artifacts\models\base_monthly\인천냉동식품_군만두_인체이물류.pkl,"(1, 0, 0)","(1, 1, 0, 12)",16.62590716977385,75.0002390938773,36
인천2)유|진한참기름|관능,success,artifacts\models\base_monthly\인천2)유_진한참기름_관능.pkl,"(1, 0, 0)","(1, 0, 1, 12)",-579.1195781047056,3.0441804750896915e-14,36
인천냉동식품|물만두|동물성이물,success,artifacts\models\base_monthly\인천냉동식품_물만두_동물성이물.pkl,"(2, 0, 2)","(0, 1, 1, 12)",33.2347134738894,100.0,36
인천냉동식품|비비고 수제만두|기타이물류,success,artifacts\models\base_monthly\인천냉동식품_비비고 수제만두_기타이물류.pkl,"(0, 0, 2)","(0, 1, 1, 12)",33.92781026494452,43.59741016730857,36
인천냉동식품|비비고 수제만두|동물성이물,success,artifacts\models\base_monthly\인천냉동식품_비비고 수제만두_동물성이물.pkl,"(0, 1, 2)","(0, 1, 1, 12)",29.57263997373626,67.80577929258061,36
인천냉동식품|물만두|인체이물류,success,artifacts\models\base_monthly\인천냉동식품_물만두_인체이물류.pkl,"(0, 0, 2)","(1, 1, 1, 12)",11.655554845049497,69.2090165203266,36
인천냉동식품|비비고 수제만두|식물성이물,success,artifacts\models\base_monthly\인천냉동식품_비비고 수제만두_식물성이물.pkl,"(1, 0, 1)","(0, 1, 1, 12)",50.43095334118561,215.3934825186496,36
인천냉동식품|비비고 수제만두|인체이물류,success,artifacts\models\base_monthly\인천냉동식품_비비고 수제만두_인체이물류.pkl,"(1, 0, 2)","(0, 1, 1, 12)",43.359363656625476,59.200173430669466,36
인천냉동식품|물만두|합성수지류,success,artifacts\models\base_monthly\인천냉동식품_물만두_합성수지류.pkl,"(2, 0, 2)","(0, 1, 1, 12)",15.752508531379458,0.267206009508858,36
인천냉동식품|비비고 수제만두|합성수지류,success,artifacts\models\base_monthly\인천냉동식품_비비고 수제만두_합성수지류.pkl,"(0, 0, 2)","(1, 1, 1, 12)",50.07129837351856,34.05154928916511,36
인천냉동식품|비비고 왕교자|공정이물류,success,artifacts\models\base_monthly\인천냉동식품_비비고 왕교자_공정이물류.pkl,"(2, 0, 2)","(1, 1, 1, 12)",40.685639408188536,42.103767227941965,36
인천냉동식품|비비고 왕교자|기타이물류,success,artifacts\models\base_monthly\인천냉동식품_비비고 왕교자_기타이물류.pkl,"(0, 1, 2)","(0, 1, 1, 12)",37.49460690946138,75.11140412527133,36
인천냉동식품|비비고 왕교자|기타,success,artifacts\models\base_monthly\인천냉동식품_비비고 왕교자_기타.pkl,"(1, 0, 2)","(1, 1, 1, 12)",-1.6565667269889488,0.4957143315748403,36
인천냉동식품|비비고 왕교자|식물성이물,success,artifacts\models\base_monthly\인천냉동식품_비비고 왕교자_식물성이물.pkl,"(1, 0, 2)","(0, 1, 1, 12)",47.08053929771667,100.0,36
인천냉동식품|비비고 왕교자|관능,success,artifacts\models\base_monthly\인천냉동식품_비비고 왕교자_관능.pkl,"(2, 1, 2)","(0, 1, 1, 12)",10.258612201411458,0.12842045390121617,36
인천냉동식품|비비고 왕교자|동물성이물,success,artifacts\models\base_monthly\인천냉동식품_비비고 왕교자_동물성이물.pkl,"(2, 1, 2)","(0, 1, 1, 12)",42.27914214617515,347.03186351958675,36
인천냉동식품|비비고 왕교자|포장불량,success,artifacts\models\base_monthly\인천냉동식품_비비고 왕교자_포장불량.pkl,"(1, 0, 0)","(0, 1, 1, 12)",24.15282571902805,100.0,36
인천냉동식품|비비고 왕교자|인체이물류,success,artifacts\models\base_monthly\인천냉동식품_비비고 왕교자_인체이물류.pkl,"(1, 0, 2)","(0, 1, 1, 12)",49.352415207009564,105.11002744478368,36
인천냉동식품|비비고 왕교자|형태,success,artifacts\models\base_monthly\인천냉동식품_비비고 왕교자_형태.pkl,"(2, 1, 2)","(1, 1, 1, 12)",24.609847924303864,124.90030768789421,36
인천냉동식품|손만두|동물성이물,success,artifacts\models\base_monthly\인천냉동식품_손만두_동물성이물.pkl,"(0, 0, 1)","(1, 0, 0, 12)",-0.4483285237480503,3.608815377577781e-19,36
인천냉동식품|비비고 왕교자|합성수지류,success,artifacts\models\base_monthly\인천냉동식품_비비고 왕교자_합성수지류.pkl,"(2, 0, 2)","(0, 1, 1, 12)",45.11954136956801,130.48582152258248,36
인천냉동식품|손만두|인체이물류,success,artifacts\models\base_monthly\인천냉동식품_손만두_인체이물류.pkl,"(1, 0, 0)","(1, 1, 1, 12)",11.790864549837563,0.16666947848265698,36
인천냉동식품|손만두|합성수지류,success,artifacts\models\base_monthly\인천냉동식품_손만두_합성수지류.pkl,"(1, 1, 2)","(0, 1, 1, 12)",17.94276184449808,0.6088814828462117,36
진천)B2B|FV _ OEM|합성수지류,success,artifacts\models\base_monthly\진천)B2B_FV _ OEM_합성수지류.pkl,"(1, 0, 0)","(1, 0, 1, 12)",14.216019696445537,0.08121382466699509,36
정다운(자연일가)|일반 국물 삼계|합성수지류,success,artifacts\models\base_monthly\정다운(자연일가)_일반 국물 삼계_합성수지류.pkl,"(2, 0, 2)","(1, 1, 0, 12)",12.735878926811578,0.054021667402404404,36
진천)두부|수입콩두부|합성수지류,success,artifacts\models\base_monthly\진천)두부_수입콩두부_합성수지류.pkl,"(2, 0, 0)","(1, 1, 0, 12)",18.7995823715221,99.99999999999996,36
인천냉동식품|손만두|기타이물류,success,artifacts\models\base_monthly\인천냉동식품_손만두_기타이물류.pkl,"(2, 0, 2)","(1, 1, 1, 12)",-45.04520824390212,0.3232621790907163,36
진천)육가공|B2B 스팸|포장불량,success,artifacts\models\base_monthly\진천)육가공_B2B 스팸_포장불량.pkl,"(0, 0, 2)","(0, 1, 1, 12)",28.0302679227146,89.86227132481315,36
진천)육가공|꼬지형|동물성이물,success,artifacts\models\base_monthly\진천)육가공_꼬지형_동물성이물.pkl,"(0, 0, 1)","(0, 1, 1, 12)",19.41731627168234,68.90948612944936,36
진천)육가공|B2B 스팸|공정이물류,success,artifacts\models\base_monthly\진천)육가공_B2B 스팸_공정이물류.pkl,"(0, 0, 2)","(0, 1, 1, 12)",22.21806664568843,99.50111746972286,36
진천)육가공|김밥햄|공정이물류,success,artifacts\models\base_monthly\진천)육가공_김밥햄_공정이물류.pkl,"(0, 1, 2)","(0, 1, 1, 12)",21.17277848970174,99.96102829702956,36
진천)육가공|꼬지형|인체이물류,success,artifacts\models\base_monthly\진천)육가공_꼬지형_인체이물류.pkl,"(0, 0, 2)","(0, 1, 1, 12)",17.63787841034573,73.20778529886799,36
진천)육가공|더건강한 닭가슴살|동물성이물,success,artifacts\models\base_monthly\진천)육가공_더건강한 닭가슴살_동물성이물.pkl,"(0, 1, 2)","(0, 1, 1, 12)",46.56590976893967,89.78140841638094,36
진천)육가공|미트편의식|동물성이물,success,artifacts\models\base_monthly\진천)육가공_미트편의식_동물성이물.pkl,"(2, 0, 0)","(1, 1, 0, 12)",36.14330779764643,56.177306351493364,36
진천)육가공|미트편의식|기타이물류,success,artifacts\models\base_monthly\진천)육가공_미트편의식_기타이물류.pkl,"(0, 0, 1)","(0, 1, 1, 12)",22.16164248785918,99.99999850012678,36
진천)육가공|더건강한 닭가슴살|합성수지류,success,artifacts\models\base_monthly\진천)육가공_더건강한 닭가슴살_합성수지류.pkl,"(0, 0, 2)","(1, 1, 1, 12)",27.06416744815936,74.54713654329359,36
진천)육가공|더건강한 닭가슴살|인체이물류,success,artifacts\models\base_monthly\진천)육가공_더건강한 닭가슴살_인체이물류.pkl,"(2, 0, 2)","(0, 1, 1, 12)",13.0465831988561,0.544847175950324,36
진천)육가공|미트편의식|식물성이물,success,artifacts\models\base_monthly\진천)육가공_미트편의식_식물성이물.pkl,"(0, 0, 1)","(1, 1, 1, 12)",37.41747495010833,99.90664849026967,36
진천)육가공|미트편의식|합성수지류,success,artifacts\models\base_monthly\진천)육가공_미트편의식_합성수지류.pkl,"(2, 0, 0)","(1, 1, 0, 12)",18.137385639822078,50.39341969887388,36
진천)육가공|베이컨|기타,success,artifacts\models\base_monthly\진천)육가공_베이컨_기타.pkl,"(0, 0, 1)","(0, 1, 1, 12)",11.110450609626216,0.3333570715162013,36
진천)육가공|베이컨|공정이물류,success,artifacts\models\base_monthly\진천)육가공_베이컨_공정이물류.pkl,"(2, 0, 2)","(0, 1, 1, 12)",17.17530539355552,73.98286487674332,36
진천)육가공|베이컨|동물성이물,success,artifacts\models\base_monthly\진천)육가공_베이컨_동물성이물.pkl,"(0, 1, 2)","(0, 1, 1, 12)",17.567703109775692,100.0,36
진천)육가공|스팸|공정이물류,success,artifacts\models\base_monthly\진천)육가공_스팸_공정이물류.pkl,"(0, 0, 1)","(0, 0, 0, 12)",-716.391111360058,0.0,36
진천)육가공|베이컨|인체이물류,success,artifacts\models\base_monthly\진천)육가공_베이컨_인체이물류.pkl,"(2, 0, 2)","(0, 1, 1, 12)",13.87277132575431,101.05704941680457,36
진천)육가공|성형햄|동물성이물,success,artifacts\models\base_monthly\진천)육가공_성형햄_동물성이물.pkl,"(0, 0, 2)","(1, 1, 1, 12)",15.09572893367946,100.0,36
진천)육가공|스팸|동물성이물,success,artifacts\models\base_monthly\진천)육가공_스팸_동물성이물.pkl,"(0, 0, 1)","(1, 0, 0, 12)",-581.6780278294204,1.0725695888942578e-34,36
진천)육가공|베이컨|기타이물류,success,artifacts\models\base_monthly\진천)육가공_베이컨_기타이물류.pkl,"(1, 0, 2)","(0, 1, 1, 12)",-77.65374116822078,0.33549693711607115,36
진천)육가공|스팸|포장불량,success,artifacts\models\base_monthly\진천)육가공_스팸_포장불량.pkl,"(2, 0, 0)","(0, 0, 1, 12)",-579.6493667679804,0.0,36
진천)육가공|스팸|기타이물류,success,artifacts\models\base_monthly\진천)육가공_스팸_기타이물류.pkl,"(1, 0, 2)","(1, 1, 0, 12)",-218.52402586089062,9.893146005586005e-13,36
진천)육가공|스팸일반|공정이물류,success,artifacts\models\base_monthly\진천)육가공_스팸일반_공정이물류.pkl,"(1, 0, 1)","(0, 1, 1, 12)",56.88931896367693,100.0,36
진천)육가공|스팸일반|기타이물류,success,artifacts\models\base_monthly\진천)육가공_스팸일반_기타이물류.pkl,"(0, 1, 2)","(0, 1, 1, 12)",33.41459785132352,73.95449945102635,36
진천)육가공|스팸일반|기타,success,artifacts\models\base_monthly\진천)육가공_스팸일반_기타.pkl,"(2, 1, 2)","(0, 0, 1, 12)",12.710458037164315,0.0,36
진천)육가공|스팸일반|동물성이물,success,artifacts\models\base_monthly\진천)육가공_스팸일반_동물성이물.pkl,"(0, 1, 1)","(1, 1, 1, 12)",34.08243667460182,90.97649639082888,36
진천)육가공|스팸일반|합성수지류,success,artifacts\models\base_monthly\진천)육가공_스팸일반_합성수지류.pkl,"(2, 1, 2)","(0, 1, 1, 12)",33.283152483059595,100.0,36
진천)육가공|스팸일반|인체이물류,success,artifacts\models\base_monthly\진천)육가공_스팸일반_인체이물류.pkl,"(2, 1, 2)","(0, 1, 1, 12)",16.497951447982672,100.0,36
진천)육가공|슬라이스|공정이물류,success,artifacts\models\base_monthly\진천)육가공_슬라이스_공정이물류.pkl,"(2, 0, 2)","(0, 1, 1, 12)",32.75719133794977,96.61614877912419,36
진천)육가공|슬라이스|기타이물류,success,artifacts\models\base_monthly\진천)육가공_슬라이스_기타이물류.pkl,"(0, 0, 1)","(0, 1, 1, 12)",13.869952460733181,73.08750598494396,36
진천)육가공|스팸일반|포장불량,success,artifacts\models\base_monthly\진천)육가공_스팸일반_포장불량.pkl,"(1, 0, 2)","(0, 1, 1, 12)",58.244756092385565,100.0,36
진천)육가공|슬라이스|동물성이물,success,artifacts\models\base_monthly\진천)육가공_슬라이스_동물성이물.pkl,"(0, 0, 2)","(0, 1, 1, 12)",12.117947627817971,72.12777263768477,36
진천)육가공|후랑크|기타이물류,success,artifacts\models\base_monthly\진천)육가공_후랑크_기타이물류.pkl,"(1, 0, 0)","(1, 0, 0, 12)",-0.8451943947326654,100.0,36
진천)육가공|슬라이스|합성수지류,success,artifacts\models\base_monthly\진천)육가공_슬라이스_합성수지류.pkl,"(0, 1, 2)","(0, 1, 1, 12)",30.100334237826456,78.6278939052747,36
진천)육가공|후랑크|공정이물류,success,artifacts\models\base_monthly\진천)육가공_후랑크_공정이물류.pkl,"(0, 0, 2)","(0, 1, 1, 12)",27.622249555617145,50.01677107657716,36
진천)육가공|후랑크|인체이물류,success,artifacts\models\base_monthly\진천)육가공_후랑크_인체이물류.pkl,"(1, 0, 2)","(1, 1, 1, 12)",26.389496809560704,90.22217318004095,36
진천)육가공|후랑크|합성수지류,success,artifacts\models\base_monthly\진천)육가공_후랑크_합성수지류.pkl,"(0, 0, 2)","(1, 1, 1, 12)",15.744528550169315,7.371701560288102e-06,36
진천)육가공|후랑크|동물성이물,success,artifacts\models\base_monthly\진천)육가공_후랑크_동물성이물.pkl,"(1, 0, 2)","(0, 1, 1, 12)",32.694654796843196,71.55957608772717,36
진천BC|B2B비비고|동물성이물,success,artifacts\models\base_monthly\진천BC_B2B비비고_동물성이물.pkl,"(1, 0, 2)","(0, 1, 1, 12)",37.013901473796494,0.49013693593658036,36
진천BC|B2B적전류|동물성이물,success,artifacts\models\base_monthly\진천BC_B2B적전류_동물성이물.pkl,"(0, 0, 2)","(0, 1, 1, 12)",33.59891342304029,99.99888922620994,36
진천BC|B2B맨밥|미생물,success,artifacts\models\base_monthly\진천BC_B2B맨밥_미생물.pkl,"(1, 0, 0)","(1, 1, 0, 12)",-208.304277827271,1.3244132342655623e-08,36
진천BC|B2B패티류|동물성이물,success,artifacts\models\base_monthly\진천BC_B2B패티류_동물성이물.pkl,"(2, 0, 2)","(1, 1, 1, 12)",30.80567703775499,169.05326320745093,36
진천BC|PSPS|기타이물류,success,artifacts\models\base_monthly\진천BC_PSPS_기타이물류.pkl,"(0, 1, 2)","(0, 1, 1, 12)",36.325432834576645,100.0196456437193,36
진천BC|B2B패티류|합성수지류,success,artifacts\models\base_monthly\진천BC_B2B패티류_합성수지류.pkl,"(2, 0, 0)","(1, 1, 0, 12)",14.847387094227338,17.19254333906466,36
진천BC|PSPS|동물성이물,success,artifacts\models\base_monthly\진천BC_PSPS_동물성이물.pkl,"(0, 1, 2)","(1, 1, 1, 12)",17.460391523801924,34.91734351611202,36
진천BC|고메피자(프리미엄)|기타이물류,success,artifacts\models\base_monthly\진천BC_고메피자(프리미엄)_기타이물류.pkl,"(2, 0, 1)","(1, 1, 0, 12)",26.65500960571842,0.7569441702017546,36
진천BC|고메피자(클래식)|인체이물류,success,artifacts\models\base_monthly\진천BC_고메피자(클래식)_인체이물류.pkl,"(1, 0, 2)","(0, 1, 1, 12)",26.888795833552944,0.2200504536613579,36
진천BC|고메피자(클래식)|합성수지류,success,artifacts\models\base_monthly\진천BC_고메피자(클래식)_합성수지류.pkl,"(0, 0, 2)","(1, 1, 1, 12)",26.777374817969218,76.8611878456822,36
진천BC|까스류|공정이물류,success,artifacts\models\base_monthly\진천BC_까스류_공정이물류.pkl,"(0, 0, 2)","(0, 1, 1, 12)",40.68076686847884,58.16896622981671,36
진천BC|고메피자(프리미엄)|인체이물류,success,artifacts\models\base_monthly\진천BC_고메피자(프리미엄)_인체이물류.pkl,"(2, 1, 1)","(1, 1, 0, 12)",12.696353509232,0.3333801867617758,36
진천BC|고메피자(프리미엄)|합성수지류,success,artifacts\models\base_monthly\진천BC_고메피자(프리미엄)_합성수지류.pkl,"(1, 1, 2)","(1, 1, 1, 12)",8.525304656799918,0.0,36
진천BC|까스류|동물성이물,success,artifacts\models\base_monthly\진천BC_까스류_동물성이물.pkl,"(0, 0, 2)","(1, 1, 1, 12)",16.407439547566305,66.98984189547117,36
진천BC|더건강한 닭가슴살|공정이물류,success,artifacts\models\base_monthly\진천BC_더건강한 닭가슴살_공정이물류.pkl,"(0, 0, 2)","(0, 1, 1, 12)",25.713377996398034,3.87561831708898,36
진천BC|더건강한 닭가슴살|기타이물류,success,artifacts\models\base_monthly\진천BC_더건강한 닭가슴살_기타이물류.pkl,"(0, 1, 2)","(1, 1, 1, 12)",18.146191919183366,0.5868311924447479,36
진천BC|까스류|합성수지류,success,artifacts\models\base_monthly\진천BC_까스류_합성수지류.pkl,"(2, 1, 2)","(1, 1, 1, 12)",-4.784229989201702,23.2508912216988,36
진천BC|까스류|기타이물류,success,artifacts\models\base_monthly\진천BC_까스류_기타이물류.pkl,"(0, 0, 2)","(1, 1, 1, 12)",-158.19540359397786,0.0330864030203989,36
진천BC|더건강한 닭가슴살|인체이물류,success,artifacts\models\base_monthly\진천BC_더건강한 닭가슴살_인체이물류.pkl,"(1, 0, 2)","(0, 1, 1, 12)",33.47671600039769,99.98682815662983,36
진천BC|더건강한 닭가슴살|동물성이물,success,artifacts\models\base_monthly\진천BC_더건강한 닭가슴살_동물성이물.pkl,"(2, 0, 2)","(0, 1, 1, 12)",61.91301996426759,764.547036876239,36
진천BC|더건강한 닭가슴살|합성수지류,success,artifacts\models\base_monthly\진천BC_더건강한 닭가슴살_합성수지류.pkl,"(2, 0, 1)","(1, 1, 0, 12)",25.874681788281805,50.15924826946886,36
진천BC|백미|곰팡이,success,artifacts\models\base_monthly\진천BC_백미_곰팡이.pkl,"(0, 0, 1)","(1, 1, 1, 12)",29.45946103435814,45.01134504039332,36
진천BC|백미|공정이물류,success,artifacts\models\base_monthly\진천BC_백미_공정이물류.pkl,"(2, 1, 2)","(0, 1, 1, 12)",31.388691800723095,153.63246106835723,36
진천BC|백미|기타,success,artifacts\models\base_monthly\진천BC_백미_기타.pkl,"(1, 0, 2)","(0, 1, 1, 12)",25.138910583487494,0.0,36
진천BC|백미|관능,success,artifacts\models\base_monthly\진천BC_백미_관능.pkl,"(1, 1, 2)","(0, 1, 1, 12)",16.33643760837527,0.4044610136466731,36
진천BC|백미|기타이물류,success,artifacts\models\base_monthly\진천BC_백미_기타이물류.pkl,"(1, 0, 2)","(0, 1, 1, 12)",43.159262055659134,323.5677659537812,36
진천BC|백미|식물성이물,success,artifacts\models\base_monthly\진천BC_백미_식물성이물.pkl,"(2, 0, 0)","(1, 1, 0, 12)",41.48160613102681,31.174764924958065,36
진천BC|백미|미생물,success,artifacts\models\base_monthly\진천BC_백미_미생물.pkl,"(2, 0, 0)","(1, 1, 0, 12)",96.18802628659441,502.3320718066982,36
진천BC|백미|인체이물류,success,artifacts\models\base_monthly\진천BC_백미_인체이물류.pkl,"(2, 0, 0)","(1, 1, 0, 12)",55.50446385911786,133.42283687626264,36
진천BC|비비고 죽(용기)|관능,success,artifacts\models\base_monthly\진천BC_비비고 죽(용기)_관능.pkl,"(2, 0, 0)","(0, 0, 1, 12)",-581.5388524658684,0.0,36
진천BC|비비고 죽(용기)|기타변질,success,artifacts\models\base_monthly\진천BC_비비고 죽(용기)_기타변질.pkl,"(0, 0, 1)","(0, 0, 1, 12)",-545.6842306586268,4.957482273883344e-32,36
진천BC|백미|성분,success,artifacts\models\base_monthly\진천BC_백미_성분.pkl,"(0, 0, 2)","(1, 1, 1, 12)",-168.08246344085245,7.646746825636434e-06,36
진천BC|백미|합성수지류,success,artifacts\models\base_monthly\진천BC_백미_합성수지류.pkl,"(1, 0, 2)","(1, 1, 1, 12)",40.48727250311,59.403101694300986,36
진천BC|비비고 죽(용기)|기타이물류,success,artifacts\models\base_monthly\진천BC_비비고 죽(용기)_기타이물류.pkl,"(0, 0, 2)","(0, 1, 1, 12)",-96.85805368075587,0.1124695797750303,36
진천BC|비비고 죽(용기)|인체이물류,success,artifacts\models\base_monthly\진천BC_비비고 죽(용기)_인체이물류.pkl,"(0, 0, 2)","(0, 0, 1, 12)",-532.4149870300337,4.9184389348181416e-27,36
진천BC|비비고 죽(용기)|합성수지류,success,artifacts\models\base_monthly\진천BC_비비고 죽(용기)_합성수지류.pkl,"(1, 0, 1)","(0, 0, 1, 12)",-540.1325469971879,4.010644156793054e-11,36
진천BC|비비고 죽(파우치)|성분,success,artifacts\models\base_monthly\진천BC_비비고 죽(파우치)_성분.pkl,"(1, 1, 1)","(1, 0, 0, 12)",-514.6190539154512,1.1900107277418778e-10,36
진천BC|비비고 죽(파우치)|기타이물류,success,artifacts\models\base_monthly\진천BC_비비고 죽(파우치)_기타이물류.pkl,"(2, 1, 2)","(1, 1, 1, 12)",-51.551250447866835,0.09752662238372288,36
진천BC|비비고 한식반찬|공정이물류,success,artifacts\models\base_monthly\진천BC_비비고 한식반찬_공정이물류.pkl,"(0, 0, 2)","(1, 1, 1, 12)",34.04309173378619,73.38831643137847,36
진천BC|비비고 한식반찬|기타이물류,success,artifacts\models\base_monthly\진천BC_비비고 한식반찬_기타이물류.pkl,"(2, 0, 1)","(1, 1, 0, 12)",27.31952962741722,207.99108714071824,36
진천BC|비비고 죽(파우치)|합성수지류,success,artifacts\models\base_monthly\진천BC_비비고 죽(파우치)_합성수지류.pkl,"(0, 1, 2)","(0, 0, 1, 12)",-406.70613606099346,1.528465982149716e-16,36
진천BC|비비고 한식반찬|인체이물류,success,artifacts\models\base_monthly\진천BC_비비고 한식반찬_인체이물류.pkl,"(1, 0, 2)","(0, 1, 1, 12)",37.095366635295065,1292.2941007925233,36
진천BC|비비고 한식반찬|동물성이물,success,artifacts\models\base_monthly\진천BC_비비고 한식반찬_동물성이물.pkl,"(0, 0, 2)","(0, 1, 1, 12)",64.07213180008209,287.72305584104976,36
진천BC|비비고 한식반찬|합성수지류,success,artifacts\models\base_monthly\진천BC_비비고 한식반찬_합성수지류.pkl,"(2, 0, 0)","(1, 1, 0, 12)",52.566902240247366,64.1273547810238,36
진천BC|비비고 죽(파우치)|인체이물류,success,artifacts\models\base_monthly\진천BC_비비고 죽(파우치)_인체이물류.pkl,"(1, 0, 2)","(0, 1, 1, 12)",-84.98604464726509,0.00048220454016767336,36
진천BC|비비고별미김치|합성수지류,success,artifacts\models\base_monthly\진천BC_비비고별미김치_합성수지류.pkl,"(0, 0, 2)","(0, 1, 1, 12)",29.89170762488095,18.361316967943296,36
진천BC|비비고 한식반찬|형태,success,artifacts\models\base_monthly\진천BC_비비고 한식반찬_형태.pkl,"(1, 0, 2)","(0, 1, 1, 12)",26.464024642355135,100.0,36
진천BC|비비고별미김치|인체이물류,success,artifacts\models\base_monthly\진천BC_비비고별미김치_인체이물류.pkl,"(1, 0, 2)","(0, 1, 1, 12)",19.066010047700985,84.01095857622117,36
진천BC|비비고썰은김치|기타이물류,success,artifacts\models\base_monthly\진천BC_비비고썰은김치_기타이물류.pkl,"(0, 1, 2)","(0, 1, 1, 12)",13.897031084864826,0.5132305948334143,36
진천BC|비비고썰은김치|식물성이물,success,artifacts\models\base_monthly\진천BC_비비고썰은김치_식물성이물.pkl,"(2, 0, 1)","(1, 1, 0, 12)",22.169735852284383,29.733341281339452,36
진천BC|비비고썰은김치|포장불량,success,artifacts\models\base_monthly\진천BC_비비고썰은김치_포장불량.pkl,"(1, 0, 1)","(1, 1, 0, 12)",5.670804827968732,0.6277922079879269,36
진천BC|비비고썰은김치|인체이물류,success,artifacts\models\base_monthly\진천BC_비비고썰은김치_인체이물류.pkl,"(2, 1, 2)","(0, 1, 1, 12)",20.652535228747986,130.04698953956645,36
진천BC|비비고일반|인체이물류,success,artifacts\models\base_monthly\진천BC_비비고일반_인체이물류.pkl,"(1, 0, 1)","(1, 0, 0, 12)",-507.8113917600756,4.128141709227783e-09,36
진천BC|비비고썰은김치|합성수지류,success,artifacts\models\base_monthly\진천BC_비비고썰은김치_합성수지류.pkl,"(1, 0, 2)","(1, 1, 1, 12)",29.001604348461516,75.08438392252458,36
진천BC|비비고일반|포장불량,success,artifacts\models\base_monthly\진천BC_비비고일반_포장불량.pkl,"(0, 0, 2)","(1, 0, 0, 12)",-496.29134527914744,0.0,36
진천BC|비엔나|기타이물류,success,artifacts\models\base_monthly\진천BC_비엔나_기타이물류.pkl,"(2, 0, 0)","(1, 1, 0, 12)",25.156232297128643,64.45986205861247,36
진천BC|비엔나|공정이물류,success,artifacts\models\base_monthly\진천BC_비엔나_공정이물류.pkl,"(2, 0, 2)","(0, 1, 1, 12)",34.588299824536136,87.85280652109917,36
진천BC|비엔나|인체이물류,success,artifacts\models\base_monthly\진천BC_비엔나_인체이물류.pkl,"(0, 1, 2)","(1, 1, 1, 12)",15.059910847601317,10.45872490142351,36
진천BC|비엔나|합성수지류,success,artifacts\models\base_monthly\진천BC_비엔나_합성수지류.pkl,"(2, 0, 1)","(1, 1, 0, 12)",23.376671982106117,200.00131537368756,36
진천BC|비엔나|형태,success,artifacts\models\base_monthly\진천BC_비엔나_형태.pkl,"(2, 0, 1)","(1, 1, 0, 12)",32.52023433930104,167.1629195652501,36
진천BC|비엔나|동물성이물,success,artifacts\models\base_monthly\진천BC_비엔나_동물성이물.pkl,"(1, 0, 2)","(0, 1, 1, 12)",25.40284345101591,79.5295771694722,36
진천BC|사각햄|동물성이물,success,artifacts\models\base_monthly\진천BC_사각햄_동물성이물.pkl,"(0, 0, 2)","(0, 1, 1, 12)",19.62862973229676,0.16750230305696454,36
진천BC|양식반찬|동물성이물,success,artifacts\models\base_monthly\진천BC_양식반찬_동물성이물.pkl,"(0, 0, 2)","(0, 1, 1, 12)",30.927419254838874,149.99998594672923,36
진천BC|양식반찬|식물성이물,success,artifacts\models\base_monthly\진천BC_양식반찬_식물성이물.pkl,"(0, 0, 2)","(1, 1, 1, 12)",27.42294791123835,91.56422538477115,36
진천BC|양식반찬|합성수지류,success,artifacts\models\base_monthly\진천BC_양식반찬_합성수지류.pkl,"(0, 0, 1)","(0, 1, 1, 12)",13.689105642268178,0.12141016869531285,36
진천BC|용기 죽|기타이물류,success,artifacts\models\base_monthly\진천BC_용기 죽_기타이물류.pkl,"(0, 1, 1)","(1, 1, 0, 12)",12.27629396981995,0.5833292783009392,36
진천BC|사각햄|공정이물류,success,artifacts\models\base_monthly\진천BC_사각햄_공정이물류.pkl,"(0, 0, 2)","(0, 0, 1, 12)",-499.08781912006117,1.2378397145802442e-23,36
진천BC|일반 국물|포장오류,success,artifacts\models\base_monthly\진천BC_일반 국물_포장오류.pkl,"(2, 0, 0)","(1, 1, 0, 12)",33.05985676795222,100.0,36
진천BC|일반 국물|기타,success,artifacts\models\base_monthly\진천BC_일반 국물_기타.pkl,"(0, 0, 1)","(0, 0, 1, 12)",-503.6259725644569,6.954042240982978e-49,36
진천BC|용기 죽|인체이물류,success,artifacts\models\base_monthly\진천BC_용기 죽_인체이물류.pkl,"(2, 0, 2)","(1, 1, 1, 12)",19.498957438613772,18.529342344539934,36
진천BC|중식프라잉|공정이물류,success,artifacts\models\base_monthly\진천BC_중식프라잉_공정이물류.pkl,"(0, 0, 2)","(0, 1, 1, 12)",36.050622888671946,100.0,36
진천BC|일반 한식반찬|동물성이물,success,artifacts\models\base_monthly\진천BC_일반 한식반찬_동물성이물.pkl,"(0, 0, 2)","(0, 1, 1, 12)",30.409299339289234,0.21996762269429482,36
진천BC|중식프라잉|합성수지류,success,artifacts\models\base_monthly\진천BC_중식프라잉_합성수지류.pkl,"(0, 0, 1)","(0, 1, 1, 12)",18.28142404962105,66.66667910466441,36
진천BC|중식프라잉|동물성이물,success,artifacts\models\base_monthly\진천BC_중식프라잉_동물성이물.pkl,"(0, 0, 2)","(1, 1, 1, 12)",21.427604712937274,0.4821147200220121,36
진천BC|용기 죽|합성수지류,success,artifacts\models\base_monthly\진천BC_용기 죽_합성수지류.pkl,"(0, 0, 2)","(1, 1, 1, 12)",-161.89417677930993,100.0,36
진천BC|치킨|공정이물류,success,artifacts\models\base_monthly\진천BC_치킨_공정이물류.pkl,"(1, 0, 2)","(0, 1, 1, 12)",61.932682635158464,93.27128653068539,36
진천BC|치킨|동물성이물,success,artifacts\models\base_monthly\진천BC_치킨_동물성이물.pkl,"(0, 0, 2)","(0, 1, 1, 12)",61.566737455738526,98.96064262122914,36
진천BC|중식프라잉|포장불량,success,artifacts\models\base_monthly\진천BC_중식프라잉_포장불량.pkl,"(1, 0, 2)","(1, 1, 1, 12)",-72.8404083438437,0.1014906850699493,36
진천BC|치킨|인체이물류,success,artifacts\models\base_monthly\진천BC_치킨_인체이물류.pkl,"(0, 0, 2)","(1, 1, 1, 12)",37.19421937188696,95.5818202592917,36
진천BC|치킨|합성수지류,success,artifacts\models\base_monthly\진천BC_치킨_합성수지류.pkl,"(0, 0, 2)","(1, 1, 1, 12)",43.985056836362745,100.0,36
진천BC|파우치 죽(일반)|합성수지류,success,artifacts\models\base_monthly\진천BC_파우치 죽(일반)_합성수지류.pkl,"(2, 0, 1)","(0, 1, 1, 12)",23.551018335111177,42.78378251636321,36
진천BC|한식반찬(비비고)|합성수지류,success,artifacts\models\base_monthly\진천BC_한식반찬(비비고)_합성수지류.pkl,"(1, 0, 0)","(0, 0, 0, 12)",-737.5790852235891,0.0,36
진천BC|한식반찬(비비고)|동물성이물,success,artifacts\models\base_monthly\진천BC_한식반찬(비비고)_동물성이물.pkl,"(0, 0, 2)","(0, 1, 1, 12)",1.3437532943346113,0.1073095749025661,36
진천BC|햇반 성형밥(BC)|합성수지류,success,artifacts\models\base_monthly\진천BC_햇반 성형밥(BC)_합성수지류.pkl,"(0, 1, 2)","(1, 1, 1, 12)",13.247204904442192,24.133611998522642,36
진천BC|햇반 파우치밥|기타이물류,success,artifacts\models\base_monthly\진천BC_햇반 파우치밥_기타이물류.pkl,"(0, 0, 2)","(0, 1, 1, 12)",24.644978783055066,54.334611196118466,36
진천BC|햇반 파우치밥|포장불량,success,artifacts\models\base_monthly\진천BC_햇반 파우치밥_포장불량.pkl,"(0, 0, 2)","(0, 1, 1, 12)",32.34466652413366,82.97281764538099,36
진천BC|한식반찬(백설/기타)|동물성이물,success,artifacts\models\base_monthly\진천BC_한식반찬(백설_기타)_동물성이물.pkl,"(0, 0, 2)","(1, 1, 1, 12)",-156.31888641130536,0.16666654525994012,36
진천BC|햇반 파우치밥|합성수지류,success,artifacts\models\base_monthly\진천BC_햇반 파우치밥_합성수지류.pkl,"(0, 0, 2)","(0, 1, 1, 12)",35.77363640160837,25.514142003101924,36
진천BC|햇반 파우치밥|인체이물류,success,artifacts\models\base_monthly\진천BC_햇반 파우치밥_인체이물류.pkl,"(1, 0, 2)","(0, 1, 1, 12)",32.289160394535216,100.0,36
푸드웨어|비비고 수제만두|기타이물류,success,artifacts\models\base_monthly\푸드웨어_비비고 수제만두_기타이물류.pkl,"(0, 0, 2)","(0, 1, 1, 12)",28.946490553185818,100.0,36
푸드웨어|비비고 수제만두|동물성이물,success,artifacts\models\base_monthly\푸드웨어_비비고 수제만두_동물성이물.pkl,"(1, 1, 0)","(1, 1, 0, 12)",16.933601787223793,13.508951816000735,36
진천BC|후랑크|형태,success,artifacts\models\base_monthly\진천BC_후랑크_형태.pkl,"(1, 0, 2)","(1, 1, 1, 12)",33.26278079875739,100.0,36
푸드웨어|비비고 수제만두|인체이물류,success,artifacts\models\base_monthly\푸드웨어_비비고 수제만두_인체이물류.pkl,"(0, 1, 2)","(0, 1, 1, 12)",22.531812260196112,100.0,36
푸드웨어|손만두|기타이물류,success,artifacts\models\base_monthly\푸드웨어_손만두_기타이물류.pkl,"(1, 0, 0)","(0, 0, 1, 12)",-0.8451944112587411,1.1770319487267577e-28,36
푸드웨어|비비고 수제만두|합성수지류,success,artifacts\models\base_monthly\푸드웨어_비비고 수제만두_합성수지류.pkl,"(1, 1, 2)","(0, 1, 1, 12)",22.03477823812295,30.806819091690542,36
푸드웨어|비비고 수제만두|식물성이물,success,artifacts\models\base_monthly\푸드웨어_비비고 수제만두_식물성이물.pkl,"(1, 0, 2)","(1, 1, 1, 12)",19.842325740848192,0.6513685295953244,36
푸드웨어|손만두|식물성이물,success,artifacts\models\base_monthly\푸드웨어_손만두_식물성이물.pkl,"(1, 0, 0)","(0, 0, 1, 12)",-0.8451944328102892,100.0,36
푸드웨어|손만두|동물성이물,success,artifacts\models\base_monthly\푸드웨어_손만두_동물성이물.pkl,"(0, 0, 1)","(0, 1, 1, 12)",31.215091982352874,100.0,36
하북율원식품|맛간식|팽창,success,artifacts\models\base_monthly\하북율원식품_맛간식_팽창.pkl,"(0, 0, 2)","(0, 1, 1, 12)",59.93496090960446,1.1265797147179654e-05,36
푸드웨어|손만두|인체이물류,success,artifacts\models\base_monthly\푸드웨어_손만두_인체이물류.pkl,"(0, 0, 2)","(1, 1, 1, 12)",17.754044037484466,0.2811924692108734,36
푸드웨어|손만두|합성수지류,success,artifacts\models\base_monthly\푸드웨어_손만두_합성수지류.pkl,"(0, 0, 2)","(0, 1, 1, 12)",11.852712834527873,70.5203869098671,36
하북율원식품|맛간식|합성수지류,success,artifacts\models\base_monthly\하북율원식품_맛간식_합성수지류.pkl,"(0, 0, 2)","(0, 1, 1, 12)",37.656147769156085,18.59162708492077,36
하북율원식품|맛간식|인체이물류,success,artifacts\models\base_monthly\하북율원식품_맛간식_인체이물류.pkl,"(2, 0, 1)","(0, 1, 1, 12)",23.73973288021967,100.0,36
하이푸드텍|꼬지형|인체이물류,success,artifacts\models\base_monthly\하이푸드텍_꼬지형_인체이물류.pkl,"(0, 0, 1)","(0, 1, 1, 12)",26.0514462214024,72.11627664144439,36
하이푸드텍|꼬지형|동물성이물,success,artifacts\models\base_monthly\하이푸드텍_꼬지형_동물성이물.pkl,"(1, 1, 2)","(0, 1, 1, 12)",28.368438424800843,59.02338881843483,36
하이푸드텍|꼬지형|합성수지류,success,artifacts\models\base_monthly\하이푸드텍_꼬지형_합성수지류.pkl,"(2, 0, 0)","(1, 1, 0, 12)",39.387463462572995,99.99968811269696,36
한우물 영농조합|햇반 성형밥(OEM)|기타이물류,success,artifacts\models\base_monthly\한우물 영농조합_햇반 성형밥(OEM)_기타이물류.pkl,"(1, 1, 1)","(1, 0, 1, 12)",7.611077809461782,0.24650111689844378,36
한우물 영농조합|비비고성형밥(OEM)|인체이물류,success,artifacts\models\base_monthly\한우물 영농조합_비비고성형밥(OEM)_인체이물류.pkl,"(1, 1, 0)","(0, 0, 1, 12)",-491.0811519788536,5.126930792006534e-29,36
한우물 영농조합|비비고성형밥(OEM)|합성수지류,success,artifacts\models\base_monthly\한우물 영농조합_비비고성형밥(OEM)_합성수지류.pkl,"(0, 1, 2)","(1, 0, 0, 12)",-511.15392358464555,2.1412309642939445e-11,36
한우물 영농조합|햇반 성형밥(OEM)|동물성이물,success,artifacts\models\base_monthly\한우물 영농조합_햇반 성형밥(OEM)_동물성이물.pkl,"(1, 1, 1)","(0, 1, 1, 12)",11.469611253524494,0.27951541995283585,36
한우물 영농조합|햇반 성형밥(OEM)|합성수지류,success,artifacts\models\base_monthly\한우물 영농조합_햇반 성형밥(OEM)_합성수지류.pkl,"(2, 1, 2)","(0, 1, 1, 12)",24.130087950539405,0.5652748449856203,36
한우물 영농조합|햇반 성형밥(OEM)|인체이물류,success,artifacts\models\base_monthly\한우물 영농조합_햇반 성형밥(OEM)_인체이물류.pkl,"(1, 1, 2)","(0, 1, 1, 12)",23.994623518732247,0.6772401926638151,36
한우물 영농조합|햇반 성형밥(OEM)|포장불량,success,artifacts\models\base_monthly\한우물 영농조합_햇반 성형밥(OEM)_포장불량.pkl,"(2, 1, 2)","(0, 1, 1, 12)",-43.96541838883172,0.0,36
